GEOID,County,Total_Renter_Households,Cost_Burdened_Renters,Pct_Cost_Burdened_Renters
12053040101,Hernando,455,214,47.0
12053040102,Hernando,155,8,5.2
12053040201,Hernando,200,45,22.5
12053040202,Hernando,320,35,10.9
12053040301,Hernando,80,23,28.8
12053040302,Hernando,175,40,22.9
12053040303,Hernando,105,80,76.2
12053040400,Hernando,440,290,65.9
12053040501,Hernando,1350,635,47.0
12053040502,Hernando,405,145,35.8
12053040601,Hernando,220,25,11.4
12053040602,Hernando,255,130,51.0
12053040701,Hernando,80,0,0.0
12053040702,Hernando,240,125,52.1
12053040801,Hernando,255,130,51.0
12053040802,Hernando,290,65,22.4
12053040901,Hernando,755,530,70.2
12053040906,Hernando,515,205,39.8
12053040907,Hernando,90,24,26.7
12053040908,Hernando,630,385,61.1
12053040909,Hernando,475,255,53.7
12053040910,Hernando,230,85,37.0
12053040911,Hernando,145,50,34.5
12053040912,Hernando,4,0,0.0
12053040913,Hernando,225,185,82.2
12053041003,Hernando,370,215,58.1
12053041004,Hernando,555,285,51.4
12053041005,Hernando,185,64,34.6
12053041006,Hernando,595,230,38.7
12053041103,Hernando,460,205,44.6
12053041104,Hernando,110,65,59.1
12053041105,Hernando,940,585,62.2
12053041106,Hernando,235,150,63.8
12053041201,Hernando,275,75,27.3
12053041203,Hernando,195,60,30.8
12053041204,Hernando,475,310,65.3
12053041302,Hernando,540,155,28.7
12053041303,Hernando,4,0,0.0
12053041304,Hernando,180,90,50.0
12053041305,Hernando,105,85,81.0
12053041401,Hernando,790,360,45.6
12053041402,Hernando,635,105,16.5
12053041501,Hernando,255,100,39.2
12053041502,Hernando,365,295,80.8
12053041601,Hernando,225,125,55.6
12053041602,Hernando,110,19,17.3
12053990000,Hernando,0,0,
12057000101,Hillsborough,1130,565,50.0
12057000102,Hillsborough,1640,510,31.1
12057000201,Hillsborough,1160,725,62.5
12057000202,Hillsborough,1290,675,52.3
12057000301,Hillsborough,1145,610,53.3
12057000302,Hillsborough,670,519,77.5
12057000401,Hillsborough,360,265,73.6
12057000402,Hillsborough,525,310,59.0
12057000500,Hillsborough,180,120,66.7
12057000601,Hillsborough,1275,650,51.0
12057000602,Hillsborough,375,200,53.3
12057000701,Hillsborough,865,570,65.9
12057000702,Hillsborough,535,375,70.1
12057000800,Hillsborough,490,280,57.1
12057000901,Hillsborough,645,460,71.3
12057000902,Hillsborough,1955,1275,65.2
12057001001,Hillsborough,1125,715,63.6
12057001002,Hillsborough,595,180,30.3
12057001100,Hillsborough,325,169,52.0
12057001200,Hillsborough,590,340,57.6
12057001300,Hillsborough,810,385,47.5
12057001400,Hillsborough,555,360,64.9
12057001500,Hillsborough,365,160,43.8
12057001600,Hillsborough,195,70,35.9
12057001700,Hillsborough,425,385,90.6
12057001800,Hillsborough,1070,575,53.7
12057001900,Hillsborough,380,230,60.5
12057002000,Hillsborough,315,175,55.6
12057002100,Hillsborough,230,109,47.4
12057002200,Hillsborough,335,163,48.7
12057002300,Hillsborough,455,220,48.4
12057002400,Hillsborough,830,390,47.0
12057002500,Hillsborough,1970,1025,52.0
12057002600,Hillsborough,465,255,54.8
12057002701,Hillsborough,490,305,62.2
12057002702,Hillsborough,265,100,37.7
12057002800,Hillsborough,380,185,48.7
12057002900,Hillsborough,305,140,45.9
12057003000,Hillsborough,760,339,44.6
12057003100,Hillsborough,875,335,38.3
12057003200,Hillsborough,695,495,71.2
12057003300,Hillsborough,585,404,69.1
12057003400,Hillsborough,655,335,51.1
12057003500,Hillsborough,550,385,70.0
12057003600,Hillsborough,675,355,52.6
12057003700,Hillsborough,175,68,38.9
12057003800,Hillsborough,210,93,44.3
12057004100,Hillsborough,670,485,72.4
12057004200,Hillsborough,255,83,32.5
12057004300,Hillsborough,450,260,57.8
12057004400,Hillsborough,560,305,54.5
12057004500,Hillsborough,655,365,55.7
12057004601,Hillsborough,1725,590,34.2
12057004602,Hillsborough,585,233,39.8
12057004700,Hillsborough,535,185,34.6
12057004800,Hillsborough,550,205,37.3
12057004901,Hillsborough,530,299,56.4
12057004902,Hillsborough,1020,369,36.2
12057005000,Hillsborough,1575,805,51.1
12057005101,Hillsborough,1680,564,33.6
12057005102,Hillsborough,1350,420,31.1
12057005301,Hillsborough,1775,705,39.7
12057005302,Hillsborough,410,265,64.6
12057005401,Hillsborough,945,370,39.2
12057005500,Hillsborough,895,375,41.9
12057005700,Hillsborough,990,430,43.4
12057005800,Hillsborough,685,255,37.2
12057005900,Hillsborough,600,215,35.8
12057006000,Hillsborough,480,220,45.8
12057006101,Hillsborough,570,70,12.3
12057006103,Hillsborough,860,380,44.2
12057006200,Hillsborough,460,150,32.6
12057006300,Hillsborough,140,65,46.4
12057006400,Hillsborough,120,15,12.5
12057006501,Hillsborough,1015,373,36.7
12057006503,Hillsborough,725,350,48.3
12057006504,Hillsborough,220,99,45.0
12057006600,Hillsborough,865,235,27.2
12057006700,Hillsborough,740,360,48.6
12057006801,Hillsborough,885,370,41.8
12057006802,Hillsborough,330,140,42.4
12057006900,Hillsborough,945,345,36.5
12057007001,Hillsborough,870,530,60.9
12057007002,Hillsborough,900,474,52.7
12057007102,Hillsborough,1630,795,48.8
12057007103,Hillsborough,710,215,30.3
12057007200,Hillsborough,980,450,45.9
12057007300,Hillsborough,475,240,50.5
12057010105,Hillsborough,210,80,38.1
12057010106,Hillsborough,305,118,38.7
12057010107,Hillsborough,320,195,60.9
12057010108,Hillsborough,75,19,25.3
12057010203,Hillsborough,445,219,49.2
12057010204,Hillsborough,605,420,69.4
12057010210,Hillsborough,840,335,39.9
12057010211,Hillsborough,645,345,53.5
12057010212,Hillsborough,460,200,43.5
12057010213,Hillsborough,245,88,35.9
12057010215,Hillsborough,60,0,0.0
12057010216,Hillsborough,355,150,42.3
12057010217,Hillsborough,810,325,40.1
12057010218,Hillsborough,625,245,39.2
12057010303,Hillsborough,385,139,36.1
12057010304,Hillsborough,205,104,50.7
12057010305,Hillsborough,485,300,61.9
12057010401,Hillsborough,1395,825,59.1
12057010402,Hillsborough,1440,980,68.1
12057010501,Hillsborough,1650,695,42.1
12057010502,Hillsborough,545,268,49.2
12057010600,Hillsborough,430,214,49.8
12057010701,Hillsborough,740,455,61.5
12057010702,Hillsborough,340,200,58.8
12057010805,Hillsborough,1875,1165,62.1
12057010808,Hillsborough,1420,934,65.8
12057010809,Hillsborough,825,480,58.2
12057010810,Hillsborough,1545,575,37.2
12057010811,Hillsborough,2160,1000,46.3
12057010814,Hillsborough,1115,675,60.5
12057010815,Hillsborough,900,524,58.2
12057010816,Hillsborough,1640,1045,63.7
12057010817,Hillsborough,1220,745,61.1
12057010819,Hillsborough,585,425,72.6
12057010820,Hillsborough,1430,1040,72.7
12057010821,Hillsborough,1040,645,62.0
12057010822,Hillsborough,955,519,54.3
12057010823,Hillsborough,945,540,57.1
12057010824,Hillsborough,1815,1255,69.1
12057010900,Hillsborough,0,0,
12057011003,Hillsborough,1680,1005,59.8
12057011005,Hillsborough,125,80,64.0
12057011006,Hillsborough,260,175,67.3
12057011007,Hillsborough,220,80,36.4
12057011008,Hillsborough,1515,559,36.9
12057011010,Hillsborough,1055,435,41.2
12057011013,Hillsborough,1070,490,45.8
12057011016,Hillsborough,720,300,41.7
12057011017,Hillsborough,435,110,25.3
12057011018,Hillsborough,2170,1125,51.8
12057011019,Hillsborough,1440,665,46.2
12057011103,Hillsborough,95,25,26.3
12057011106,Hillsborough,780,315,40.4
12057011107,Hillsborough,535,220,41.1
12057011108,Hillsborough,130,108,83.1
12057011109,Hillsborough,350,165,47.1
12057011203,Hillsborough,625,335,53.6
12057011204,Hillsborough,620,340,54.8
12057011205,Hillsborough,170,85,50.0
12057011206,Hillsborough,655,455,69.5
12057011301,Hillsborough,210,129,61.4
12057011303,Hillsborough,745,310,41.6
12057011304,Hillsborough,340,165,48.5
12057011407,Hillsborough,280,150,53.6
12057011408,Hillsborough,480,195,40.6
12057011409,Hillsborough,355,209,58.9
12057011410,Hillsborough,495,270,54.5
12057011411,Hillsborough,75,4,5.3
12057011412,Hillsborough,780,504,64.6
12057011413,Hillsborough,535,315,58.9
12057011414,Hillsborough,1350,585,43.3
12057011415,Hillsborough,745,95,12.8
12057011416,Hillsborough,915,370,40.4
12057011417,Hillsborough,1080,664,61.5
12057011418,Hillsborough,390,125,32.1
12057011504,Hillsborough,155,78,50.3
12057011506,Hillsborough,1565,455,29.1
12057011509,Hillsborough,155,70,45.2
12057011510,Hillsborough,120,54,45.0
12057011512,Hillsborough,110,70,63.6
12057011514,Hillsborough,270,95,35.2
12057011515,Hillsborough,130,40,30.8
12057011516,Hillsborough,500,185,37.0
12057011518,Hillsborough,110,10,9.1
12057011519,Hillsborough,55,19,34.5
12057011520,Hillsborough,755,285,37.7
12057011521,Hillsborough,1880,845,44.9
12057011522,Hillsborough,210,90,42.9
12057011523,Hillsborough,15,8,53.3
12057011524,Hillsborough,1635,920,56.3
12057011525,Hillsborough,580,390,67.2
12057011526,Hillsborough,650,170,26.2
12057011527,Hillsborough,45,15,33.3
12057011528,Hillsborough,210,60,28.6
12057011603,Hillsborough,425,225,52.9
12057011605,Hillsborough,690,435,63.0
12057011610,Hillsborough,955,550,57.6
12057011611,Hillsborough,445,250,56.2
12057011612,Hillsborough,1040,425,40.9
12057011613,Hillsborough,920,590,64.1
12057011614,Hillsborough,925,565,61.1
12057011615,Hillsborough,985,425,43.1
12057011616,Hillsborough,745,239,32.1
12057011617,Hillsborough,380,189,49.7
12057011708,Hillsborough,1880,795,42.3
12057011712,Hillsborough,1065,385,36.2
12057011713,Hillsborough,2000,805,40.2
12057011714,Hillsborough,290,210,72.4
12057011715,Hillsborough,425,220,51.8
12057011716,Hillsborough,1825,805,44.1
12057011802,Hillsborough,495,275,55.6
12057011804,Hillsborough,840,360,42.9
12057011805,Hillsborough,960,380,39.6
12057011806,Hillsborough,1150,615,53.5
12057011905,Hillsborough,350,194,55.4
12057011907,Hillsborough,1095,449,41.0
12057011908,Hillsborough,1065,675,63.4
12057011909,Hillsborough,115,75,65.2
12057011910,Hillsborough,890,510,57.3
12057011911,Hillsborough,1685,965,57.3
12057012001,Hillsborough,295,124,42.0
12057012002,Hillsborough,570,329,57.7
12057012103,Hillsborough,1575,675,42.9
12057012106,Hillsborough,195,80,41.0
12057012107,Hillsborough,830,369,44.5
12057012108,Hillsborough,220,124,56.4
12057012109,Hillsborough,985,590,59.9
12057012110,Hillsborough,695,495,71.2
12057012206,Hillsborough,345,160,46.4
12057012207,Hillsborough,410,145,35.4
12057012208,Hillsborough,170,85,50.0
12057012209,Hillsborough,460,145,31.5
12057012210,Hillsborough,485,268,55.3
12057012211,Hillsborough,10,4,40.0
12057012212,Hillsborough,1335,845,63.3
12057012213,Hillsborough,480,284,59.2
12057012301,Hillsborough,895,265,29.6
12057012303,Hillsborough,695,300,43.2
12057012304,Hillsborough,745,405,54.4
12057012401,Hillsborough,615,345,56.1
12057012402,Hillsborough,255,70,27.5
12057012403,Hillsborough,400,215,53.8
12057012501,Hillsborough,505,280,55.4
12057012503,Hillsborough,650,240,36.9
12057012504,Hillsborough,135,45,33.3
12057012600,Hillsborough,595,309,51.9
12057012701,Hillsborough,1185,405,34.2
12057012702,Hillsborough,760,345,45.4
12057012800,Hillsborough,335,180,53.7
12057012900,Hillsborough,565,195,34.5
12057013001,Hillsborough,405,120,29.6
12057013002,Hillsborough,480,179,37.3
12057013003,Hillsborough,565,365,64.6
12057013004,Hillsborough,290,80,27.6
12057013100,Hillsborough,230,119,51.7
12057013203,Hillsborough,125,20,16.0
12057013204,Hillsborough,475,195,41.1
12057013205,Hillsborough,735,550,74.8
12057013206,Hillsborough,335,154,46.0
12057013207,Hillsborough,295,140,47.5
12057013208,Hillsborough,265,154,58.1
12057013305,Hillsborough,125,65,52.0
12057013307,Hillsborough,1190,645,54.2
12057013310,Hillsborough,325,142,43.7
12057013311,Hillsborough,750,510,68.0
12057013312,Hillsborough,510,334,65.5
12057013313,Hillsborough,115,45,39.1
12057013314,Hillsborough,115,19,16.5
12057013315,Hillsborough,2750,1060,38.5
12057013316,Hillsborough,1205,575,47.7
12057013317,Hillsborough,1330,685,51.5
12057013319,Hillsborough,1695,880,51.9
12057013320,Hillsborough,1105,590,53.4
12057013322,Hillsborough,1570,790,50.3
12057013323,Hillsborough,2265,1090,48.1
12057013406,Hillsborough,225,134,59.6
12057013407,Hillsborough,280,195,69.6
12057013409,Hillsborough,305,88,28.9
12057013410,Hillsborough,935,530,56.7
12057013411,Hillsborough,415,200,48.2
12057013412,Hillsborough,320,64,20.0
12057013413,Hillsborough,95,40,42.1
12057013414,Hillsborough,490,180,36.7
12057013415,Hillsborough,345,144,41.7
12057013501,Hillsborough,715,495,69.2
12057013503,Hillsborough,480,200,41.7
12057013504,Hillsborough,305,140,45.9
12057013505,Hillsborough,325,135,41.5
12057013602,Hillsborough,185,109,58.9
12057013604,Hillsborough,210,95,45.2
12057013702,Hillsborough,1365,840,61.5
12057013703,Hillsborough,1555,1050,67.5
12057013705,Hillsborough,805,550,68.3
12057013706,Hillsborough,1320,690,52.3
12057013801,Hillsborough,415,205,49.4
12057013802,Hillsborough,755,520,68.9
12057013803,Hillsborough,290,125,43.1
12057013804,Hillsborough,735,320,43.5
12057013806,Hillsborough,180,75,41.7
12057013807,Hillsborough,695,330,47.5
12057013903,Hillsborough,145,35,24.1
12057013907,Hillsborough,135,59,43.7
12057013912,Hillsborough,305,185,60.7
12057013913,Hillsborough,775,290,37.4
12057013914,Hillsborough,425,90,21.2
12057013915,Hillsborough,1010,305,30.2
12057013916,Hillsborough,1030,365,35.4
12057013917,Hillsborough,835,360,43.1
12057013918,Hillsborough,165,60,36.4
12057013919,Hillsborough,555,400,72.1
12057013922,Hillsborough,545,90,16.5
12057013923,Hillsborough,755,475,62.9
12057013924,Hillsborough,75,55,73.3
12057013925,Hillsborough,290,160,55.2
12057013926,Hillsborough,340,110,32.4
12057014002,Hillsborough,260,50,19.2
12057014003,Hillsborough,10,0,0.0
12057014007,Hillsborough,635,220,34.6
12057014008,Hillsborough,270,195,72.2
12057014009,Hillsborough,500,325,65.0
12057014010,Hillsborough,200,104,52.0
12057014011,Hillsborough,610,385,63.1
12057014012,Hillsborough,145,95,65.5
12057014013,Hillsborough,165,55,33.3
12057014014,Hillsborough,550,459,83.5
12057014017,Hillsborough,85,30,35.3
12057014104,Hillsborough,165,99,60.0
12057014106,Hillsborough,460,175,38.0
12057014108,Hillsborough,750,395,52.7
12057014109,Hillsborough,395,185,46.8
12057014117,Hillsborough,250,150,60.0
12057014118,Hillsborough,170,60,35.3
12057014119,Hillsborough,520,155,29.8
12057014121,Hillsborough,585,190,32.5
12057014122,Hillsborough,650,344,52.9
12057014200,Hillsborough,1450,840,57.9
12057014300,Hillsborough,245,40,16.3
12057014400,Hillsborough,1025,295,28.8
12057980100,Hillsborough,0,0,
12057980200,Hillsborough,0,0,
12057980300,Hillsborough,0,0,
12057980400,Hillsborough,4,0,0.0
12057980500,Hillsborough,0,0,
12057980600,Hillsborough,0,0,
12057980700,Hillsborough,0,0,
12057990000,Hillsborough,0,0,
12057990100,Hillsborough,0,0,
12101030101,Pasco,370,215,58.1
12101030102,Pasco,475,178,37.5
12101030202,Pasco,325,150,46.2
12101030203,Pasco,320,135,42.2
12101030204,Pasco,315,189,60.0
12101030205,Pasco,290,155,53.4
12101030303,Pasco,245,129,52.7
12101030304,Pasco,1005,634,63.1
12101030404,Pasco,330,130,39.4
12101030405,Pasco,300,160,53.3
12101030406,Pasco,320,180,56.2
12101030407,Pasco,385,234,60.8
12101030408,Pasco,670,465,69.4
12101030409,Pasco,365,185,50.7
12101030410,Pasco,330,215,65.2
12101030411,Pasco,445,205,46.1
12101030412,Pasco,650,400,61.5
12101030501,Pasco,265,159,60.0
12101030502,Pasco,700,375,53.6
12101030601,Pasco,415,170,41.0
12101030602,Pasco,495,330,66.7
12101030700,Pasco,790,260,32.9
12101030800,Pasco,745,499,67.0
12101030901,Pasco,860,515,59.9
12101030905,Pasco,520,235,45.2
12101030906,Pasco,1510,995,65.9
12101031003,Pasco,725,135,18.6
12101031005,Pasco,1165,595,51.1
12101031006,Pasco,475,300,63.2
12101031007,Pasco,675,440,65.2
12101031008,Pasco,375,170,45.3
12101031009,Pasco,535,395,73.8
12101031010,Pasco,720,404,56.1
12101031011,Pasco,245,134,54.7
12101031012,Pasco,710,510,71.8
12101031013,Pasco,550,289,52.5
12101031014,Pasco,515,190,36.9
12101031101,Pasco,625,200,32.0
12101031103,Pasco,65,44,67.7
12101031104,Pasco,785,545,69.4
12101031203,Pasco,270,135,50.0
12101031204,Pasco,70,40,57.1
12101031205,Pasco,115,40,34.8
12101031206,Pasco,350,155,44.3
12101031207,Pasco,195,100,51.3
12101031208,Pasco,180,150,83.3
12101031301,Pasco,360,165,45.8
12101031302,Pasco,85,30,35.3
12101031401,Pasco,1090,600,55.0
12101031404,Pasco,445,235,52.8
12101031406,Pasco,460,255,55.4
12101031407,Pasco,345,175,50.7
12101031410,Pasco,965,715,74.1
12101031411,Pasco,50,14,28.0
12101031412,Pasco,610,395,64.8
12101031503,Pasco,325,150,46.2
12101031504,Pasco,60,25,41.7
12101031505,Pasco,1055,620,58.8
12101031506,Pasco,590,294,49.8
12101031507,Pasco,525,60,11.4
12101031508,Pasco,160,85,53.1
12101031601,Pasco,955,575,60.2
12101031602,Pasco,745,199,26.7
12101031603,Pasco,900,335,37.2
12101031604,Pasco,500,210,42.0
12101031605,Pasco,340,105,30.9
12101031701,Pasco,565,270,47.8
12101031703,Pasco,515,150,29.1
12101031704,Pasco,585,150,25.6
12101031705,Pasco,230,55,23.9
12101031706,Pasco,220,79,35.9
12101031707,Pasco,60,40,66.7
12101031708,Pasco,435,370,85.1
12101031804,Pasco,210,115,54.8
12101031805,Pasco,130,40,30.8
12101031806,Pasco,480,215,44.8
12101031807,Pasco,440,264,60.0
12101031808,Pasco,295,50,16.9
12101031809,Pasco,350,165,47.1
12101031901,Pasco,145,25,17.2
12101031902,Pasco,185,45,24.3
12101031903,Pasco,315,260,82.5
12101032001,Pasco,260,30,11.5
12101032005,Pasco,70,30,42.9
12101032006,Pasco,575,160,27.8
12101032007,Pasco,135,49,36.3
12101032008,Pasco,220,145,65.9
12101032009,Pasco,565,255,45.1
12101032010,Pasco,375,100,26.7
12101032011,Pasco,195,20,10.3
12101032012,Pasco,590,130,22.0
12101032013,Pasco,830,355,42.8
12101032014,Pasco,600,175,29.2
12101032103,Pasco,595,85,14.3
12101032104,Pasco,625,245,39.2
12101032105,Pasco,485,320,66.0
12101032106,Pasco,985,530,53.8
12101032107,Pasco,500,150,30.0
12101032108,Pasco,235,115,48.9
12101032109,Pasco,975,500,51.3
12101032110,Pasco,165,35,21.2
12101032111,Pasco,285,94,33.0
12101032112,Pasco,330,190,57.6
12101032113,Pasco,335,154,46.0
12101032200,Pasco,250,69,27.6
12101032300,Pasco,145,0,0.0
12101032401,Pasco,145,40,27.6
12101032402,Pasco,405,75,18.5
12101032500,Pasco,815,355,43.6
12101032601,Pasco,375,179,47.7
12101032602,Pasco,380,185,48.7
12101032700,Pasco,245,145,59.2
12101032802,Pasco,150,95,63.3
12101032804,Pasco,460,375,81.5
12101032805,Pasco,380,145,38.2
12101032901,Pasco,675,325,48.1
12101032902,Pasco,40,14,35.0
12101032905,Pasco,265,180,67.9
12101033005,Pasco,365,120,32.9
12101033006,Pasco,450,75,16.7
12101033007,Pasco,115,65,56.5
12101033008,Pasco,375,150,40.0
12101033009,Pasco,595,225,37.8
12101033010,Pasco,415,160,38.6
12101033011,Pasco,125,49,39.2
12101033012,Pasco,275,89,32.4
12101033013,Pasco,470,165,35.1
12101033014,Pasco,120,45,37.5
12101033101,Pasco,130,50,38.5
12101033102,Pasco,205,140,68.3
12101990000,Pasco,0,0,
12103020105,Pinellas,290,100,34.5
12103020106,Pinellas,110,49,44.5
12103020107,Pinellas,80,34,42.5
12103020108,Pinellas,175,133,76.0
12103020109,Pinellas,645,445,69.0
12103020110,Pinellas,145,44,30.3
12103020201,Pinellas,255,205,80.4
12103020202,Pinellas,340,155,45.6
12103020206,Pinellas,1605,1055,65.7
12103020207,Pinellas,480,310,64.6
12103020208,Pinellas,585,355,60.7
12103020209,Pinellas,670,385,57.5
12103020301,Pinellas,355,245,69.0
12103020302,Pinellas,515,125,24.3
12103020400,Pinellas,265,114,43.0
12103020500,Pinellas,645,404,62.6
12103020600,Pinellas,380,135,35.5
12103020700,Pinellas,275,100,36.4
12103020800,Pinellas,660,425,64.4
12103021200,Pinellas,390,290,74.4
12103021501,Pinellas,660,360,54.5
12103021502,Pinellas,850,645,75.9
12103021600,Pinellas,995,339,34.1
12103021800,Pinellas,555,340,61.3
12103021900,Pinellas,445,180,40.4
12103022000,Pinellas,280,214,76.4
12103022101,Pinellas,485,214,44.1
12103022102,Pinellas,530,195,36.8
12103022200,Pinellas,425,175,41.2
12103022301,Pinellas,290,185,63.8
12103022302,Pinellas,480,270,56.2
12103022401,Pinellas,180,95,52.8
12103022402,Pinellas,210,115,54.8
12103022501,Pinellas,775,355,45.8
12103022502,Pinellas,305,130,42.6
12103022503,Pinellas,515,255,49.5
12103022601,Pinellas,145,65,44.8
12103022602,Pinellas,225,55,24.4
12103022700,Pinellas,305,205,67.2
12103022801,Pinellas,775,300,38.7
12103022802,Pinellas,130,55,42.3
12103022901,Pinellas,485,305,62.9
12103022902,Pinellas,285,185,64.9
12103023000,Pinellas,165,84,50.9
12103023100,Pinellas,260,115,44.2
12103023200,Pinellas,395,250,63.3
12103023300,Pinellas,440,215,48.9
12103023400,Pinellas,380,177,46.6
12103023501,Pinellas,485,235,48.5
12103023502,Pinellas,395,89,22.5
12103023601,Pinellas,645,405,62.8
12103023602,Pinellas,425,172,40.5
12103023700,Pinellas,450,318,70.7
12103023800,Pinellas,190,65,34.2
12103023900,Pinellas,585,390,66.7
12103024001,Pinellas,360,130,36.1
12103024002,Pinellas,310,160,51.6
12103024004,Pinellas,215,45,20.9
12103024005,Pinellas,80,38,47.5
12103024100,Pinellas,895,325,36.3
12103024201,Pinellas,155,65,41.9
12103024202,Pinellas,250,105,42.0
12103024301,Pinellas,325,50,15.4
12103024302,Pinellas,400,140,35.0
12103024403,Pinellas,695,339,48.8
12103024406,Pinellas,2750,1305,47.5
12103024408,Pinellas,1115,435,39.0
12103024409,Pinellas,80,44,55.0
12103024410,Pinellas,1195,714,59.7
12103024411,Pinellas,505,185,36.6
12103024412,Pinellas,2165,900,41.6
12103024413,Pinellas,705,295,41.8
12103024505,Pinellas,505,270,53.5
12103024507,Pinellas,415,230,55.4
12103024508,Pinellas,1220,880,72.1
12103024509,Pinellas,525,183,34.9
12103024510,Pinellas,605,364,60.2
12103024512,Pinellas,245,145,59.2
12103024514,Pinellas,1615,810,50.2
12103024515,Pinellas,365,89,24.4
12103024516,Pinellas,235,120,51.1
12103024517,Pinellas,1245,495,39.8
12103024518,Pinellas,875,354,40.5
12103024519,Pinellas,1615,505,31.3
12103024601,Pinellas,520,164,31.5
12103024603,Pinellas,455,250,54.9
12103024604,Pinellas,530,245,46.2
12103024701,Pinellas,700,300,42.9
12103024702,Pinellas,555,264,47.6
12103024703,Pinellas,475,139,29.3
12103024801,Pinellas,250,95,38.0
12103024803,Pinellas,75,45,60.0
12103024804,Pinellas,370,200,54.1
12103024805,Pinellas,225,150,66.7
12103024901,Pinellas,615,320,52.0
12103024904,Pinellas,405,275,67.9
12103024905,Pinellas,655,215,32.8
12103024906,Pinellas,695,475,68.3
12103024907,Pinellas,725,395,54.5
12103024908,Pinellas,195,90,46.2
12103025004,Pinellas,840,330,39.3
12103025007,Pinellas,470,310,66.0
12103025009,Pinellas,580,285,49.1
12103025011,Pinellas,95,4,4.2
12103025012,Pinellas,215,70,32.6
12103025013,Pinellas,155,130,83.9
12103025014,Pinellas,370,190,51.4
12103025015,Pinellas,210,90,42.9
12103025016,Pinellas,225,103,45.8
12103025017,Pinellas,430,170,39.5
12103025018,Pinellas,380,180,47.4
12103025019,Pinellas,205,125,61.0
12103025020,Pinellas,465,60,12.9
12103025021,Pinellas,70,10,14.3
12103025106,Pinellas,540,135,25.0
12103025107,Pinellas,375,95,25.3
12103025108,Pinellas,140,99,70.7
12103025109,Pinellas,710,250,35.2
12103025110,Pinellas,395,245,62.0
12103025111,Pinellas,730,460,63.0
12103025112,Pinellas,430,184,42.8
12103025113,Pinellas,255,50,19.6
12103025114,Pinellas,170,90,52.9
12103025115,Pinellas,655,334,51.0
12103025116,Pinellas,230,123,53.5
12103025119,Pinellas,195,80,41.0
12103025120,Pinellas,20,10,50.0
12103025121,Pinellas,220,60,27.3
12103025122,Pinellas,160,90,56.2
12103025123,Pinellas,50,8,16.0
12103025204,Pinellas,440,229,52.0
12103025205,Pinellas,120,70,58.3
12103025207,Pinellas,555,375,67.6
12103025208,Pinellas,150,69,46.0
12103025209,Pinellas,845,365,43.2
12103025210,Pinellas,260,144,55.4
12103025211,Pinellas,660,470,71.2
12103025303,Pinellas,930,355,38.2
12103025305,Pinellas,525,320,61.0
12103025307,Pinellas,350,165,47.1
12103025309,Pinellas,350,190,54.3
12103025310,Pinellas,200,95,47.5
12103025311,Pinellas,220,110,50.0
12103025401,Pinellas,715,475,66.4
12103025407,Pinellas,925,545,58.9
12103025411,Pinellas,340,139,40.9
12103025412,Pinellas,755,320,42.4
12103025413,Pinellas,280,160,57.1
12103025414,Pinellas,390,155,39.7
12103025415,Pinellas,400,200,50.0
12103025416,Pinellas,810,235,29.0
12103025417,Pinellas,150,120,80.0
12103025418,Pinellas,285,135,47.4
12103025419,Pinellas,795,235,29.6
12103025420,Pinellas,870,528,60.7
12103025421,Pinellas,695,430,61.9
12103025501,Pinellas,265,34,12.8
12103025505,Pinellas,700,440,62.9
12103025507,Pinellas,535,415,77.6
12103025508,Pinellas,475,268,56.4
12103025509,Pinellas,770,265,34.4
12103025510,Pinellas,130,15,11.5
12103025602,Pinellas,500,385,77.0
12103025603,Pinellas,435,290,66.7
12103025604,Pinellas,230,128,55.7
12103025700,Pinellas,165,95,57.6
12103025800,Pinellas,665,315,47.4
12103025901,Pinellas,1450,775,53.4
12103025902,Pinellas,650,460,70.8
12103026001,Pinellas,370,205,55.4
12103026003,Pinellas,165,140,84.8
12103026004,Pinellas,65,48,73.8
12103026101,Pinellas,360,213,59.2
12103026102,Pinellas,165,80,48.5
12103026200,Pinellas,685,410,59.9
12103026300,Pinellas,1295,790,61.0
12103026401,Pinellas,475,290,61.1
12103026402,Pinellas,960,460,47.9
12103026501,Pinellas,310,220,71.0
12103026502,Pinellas,480,250,52.1
12103026601,Pinellas,355,140,39.4
12103026602,Pinellas,395,144,36.5
12103026701,Pinellas,660,390,59.1
12103026703,Pinellas,1280,555,43.4
12103026704,Pinellas,855,245,28.7
12103026705,Pinellas,560,355,63.4
12103026804,Pinellas,670,245,36.6
12103026809,Pinellas,485,305,62.9
12103026811,Pinellas,360,190,52.8
12103026812,Pinellas,745,380,51.0
12103026813,Pinellas,430,210,48.8
12103026814,Pinellas,65,39,60.0
12103026815,Pinellas,80,25,31.2
12103026816,Pinellas,660,210,31.8
12103026817,Pinellas,385,95,24.7
12103026818,Pinellas,1090,714,65.5
12103026819,Pinellas,710,329,46.3
12103026820,Pinellas,515,185,35.9
12103026821,Pinellas,225,100,44.4
12103026904,Pinellas,1085,620,57.1
12103026908,Pinellas,55,15,27.3
12103026909,Pinellas,575,310,53.9
12103026911,Pinellas,380,209,55.0
12103026912,Pinellas,620,445,71.8
12103026913,Pinellas,460,260,56.5
12103026914,Pinellas,325,190,58.5
12103026915,Pinellas,545,195,35.8
12103026916,Pinellas,380,240,63.2
12103026917,Pinellas,340,10,2.9
12103027000,Pinellas,945,560,59.3
12103027105,Pinellas,210,115,54.8
12103027106,Pinellas,235,145,61.7
12103027107,Pinellas,280,59,21.1
12103027108,Pinellas,635,350,55.1
12103027202,Pinellas,445,180,40.4
12103027204,Pinellas,230,100,43.5
12103027206,Pinellas,320,195,60.9
12103027207,Pinellas,240,85,35.4
12103027208,Pinellas,405,185,45.7
12103027209,Pinellas,265,188,70.9
12103027210,Pinellas,645,365,56.6
12103027211,Pinellas,470,255,54.3
12103027212,Pinellas,815,520,63.8
12103027308,Pinellas,300,180,60.0
12103027309,Pinellas,10,0,0.0
12103027314,Pinellas,665,455,68.4
12103027316,Pinellas,240,50,20.8
12103027317,Pinellas,695,325,46.8
12103027318,Pinellas,415,305,73.5
12103027319,Pinellas,570,305,53.5
12103027320,Pinellas,340,190,55.9
12103027321,Pinellas,40,19,47.5
12103027323,Pinellas,935,535,57.2
12103027324,Pinellas,180,40,22.2
12103027325,Pinellas,55,14,25.5
12103027326,Pinellas,520,194,37.3
12103027327,Pinellas,500,324,64.8
12103027328,Pinellas,20,15,75.0
12103027329,Pinellas,10,10,100.0
12103027330,Pinellas,815,640,78.5
12103027331,Pinellas,275,215,78.2
12103027332,Pinellas,115,55,47.8
12103027333,Pinellas,800,365,45.6
12103027401,Pinellas,395,150,38.0
12103027404,Pinellas,1090,560,51.4
12103027501,Pinellas,190,90,47.4
12103027503,Pinellas,215,30,14.0
12103027504,Pinellas,310,190,61.3
12103027603,Pinellas,355,135,38.0
12103027604,Pinellas,110,20,18.2
12103027605,Pinellas,50,22,44.0
12103027606,Pinellas,145,73,50.3
12103027701,Pinellas,260,106,40.8
12103027703,Pinellas,40,8,20.0
12103027704,Pinellas,190,75,39.5
12103027801,Pinellas,230,144,62.6
12103027802,Pinellas,575,405,70.4
12103027901,Pinellas,275,119,43.3
12103027905,Pinellas,545,350,64.2
12103028002,Pinellas,340,130,38.2
12103028004,Pinellas,325,40,12.3
12103028005,Pinellas,140,90,64.3
12103028006,Pinellas,365,119,32.6
12103028102,Pinellas,420,325,77.4
12103028103,Pinellas,755,335,44.4
12103028104,Pinellas,530,350,66.0
12103028200,Pinellas,150,60,40.0
12103028300,Pinellas,590,255,43.2
12103028403,Pinellas,545,290,53.2
12103028500,Pinellas,295,170,57.6
12103028601,Pinellas,1975,945,47.8
12103028602,Pinellas,585,325,55.6
12103028700,Pinellas,275,135,49.1
12103990000,Pinellas,0,0,
12103990100,Pinellas,0,0,
