Zip,County,GEOID
33503,Hillsborough,12057013913
33510,Hillsborough,12057012206
33510,Hillsborough,12057012207
33510,Hillsborough,12057012208
33510,Hillsborough,12057012212
33510,Hillsborough,12057012213
33510,Hillsborough,12057012301
33510,Hillsborough,12057012303
33510,Hillsborough,12057012304
33511,Hillsborough,12057012212
33511,Hillsborough,12057012301
33511,Hillsborough,12057012303
33511,Hillsborough,12057012304
33511,Hillsborough,12057013305
33511,Hillsborough,12057013307
33511,Hillsborough,12057013310
33511,Hillsborough,12057013311
33511,Hillsborough,12057013312
33511,Hillsborough,12057013313
33511,Hillsborough,12057013314
33511,Hillsborough,12057013316
33511,Hillsborough,12057013317
33511,Hillsborough,12057013319
33511,Hillsborough,12057013320
33511,Hillsborough,12057013322
33511,Hillsborough,12057013323
33511,Hillsborough,12057013406
33511,Hillsborough,12057013407
33511,Hillsborough,12057013411
33523,Pasco,12053040101
33523,Pasco,12053040102
33523,Pasco,12101031901
33523,Pasco,12101032300
33523,Pasco,12101032401
33523,Pasco,12101032402
33523,Pasco,12101032500
33523,Pasco,12101032601
33523,Pasco,12101032700
33525,Pasco,12101031901
33525,Pasco,12101032103
33525,Pasco,12101032200
33525,Pasco,12101032300
33525,Pasco,12101032402
33525,Pasco,12101032500
33525,Pasco,12101032601
33525,Pasco,12101032602
33525,Pasco,12101032700
33525,Pasco,12101032802
33525,Pasco,12101032805
33525,Pasco,12101033101
33527,Hillsborough,12057010105
33527,Hillsborough,12057010304
33527,Hillsborough,12057012106
33527,Hillsborough,12057012208
33527,Hillsborough,12057012209
33527,Hillsborough,12057012401
33527,Hillsborough,12057012402
33527,Hillsborough,12057012403
33527,Hillsborough,12057012501
33527,Hillsborough,12057013207
33530,Hillsborough,12057013207
33534,Hillsborough,12057013801
33534,Hillsborough,12057013802
33534,Hillsborough,12057013803
33534,Hillsborough,12057013804
33534,Hillsborough,12057013806
33534,Hillsborough,12057013807
33540,Pasco,12057014300
33540,Pasco,12101032802
33540,Pasco,12101032804
33540,Pasco,12101032805
33540,Pasco,12101033005
33540,Pasco,12101033014
33540,Pasco,12101033101
33540,Pasco,12101033102
33541,Pasco,12101032804
33541,Pasco,12101032805
33541,Pasco,12101032901
33541,Pasco,12101032902
33541,Pasco,12101032905
33541,Pasco,12101033006
33541,Pasco,12101033007
33541,Pasco,12101033011
33541,Pasco,12101033012
33541,Pasco,12101033014
33542,Pasco,12101032804
33542,Pasco,12101033005
33542,Pasco,12101033006
33542,Pasco,12101033007
33542,Pasco,12101033008
33542,Pasco,12101033009
33542,Pasco,12101033010
33542,Pasco,12101033012
33542,Pasco,12101033013
33542,Pasco,12101033014
33542,Pasco,12101033101
33542,Pasco,12101033102
33543,Pasco,12101032104
33543,Pasco,12101032107
33543,Pasco,12101032108
33543,Pasco,12101032110
33543,Pasco,12101032111
33543,Pasco,12101032112
33543,Pasco,12101032113
33544,Pasco,12101032005
33544,Pasco,12101032006
33544,Pasco,12101032011
33544,Pasco,12101032012
33544,Pasco,12101032106
33544,Pasco,12101032107
33544,Pasco,12101032109
33544,Pasco,12101032110
33545,Pasco,12101032103
33545,Pasco,12101032104
33545,Pasco,12101032105
33547,Hillsborough,12057013100
33547,Hillsborough,12057013903
33547,Hillsborough,12057013907
33547,Hillsborough,12057013922
33547,Hillsborough,12057013923
33547,Hillsborough,12057013926
33548,Hillsborough,12057011103
33548,Hillsborough,12057011107
33548,Hillsborough,12057011109
33548,Hillsborough,12057011522
33548,Hillsborough,12057980700
33548,Hillsborough,12101031605
33549,Hillsborough,12057011003
33549,Hillsborough,12057011005
33549,Hillsborough,12057011006
33549,Hillsborough,12057011007
33549,Hillsborough,12057011103
33549,Hillsborough,12057011108
33549,Hillsborough,12057011109
33549,Hillsborough,12101032013
33550,Hillsborough,12057012109
33556,Pasco,12057011410
33556,Pasco,12057011504
33556,Pasco,12057011509
33556,Pasco,12057011512
33556,Pasco,12057011518
33556,Pasco,12057011527
33556,Pasco,12057011528
33556,Pasco,12101031601
33556,Pasco,12101031602
33556,Pasco,12101031701
33558,Hillsborough,12057011509
33558,Hillsborough,12057011510
33558,Hillsborough,12057011512
33558,Hillsborough,12057011521
33558,Hillsborough,12057011522
33558,Hillsborough,12057011523
33558,Hillsborough,12101031603
33558,Hillsborough,12101031604
33558,Hillsborough,12101031605
33559,Hillsborough,12057011003
33559,Hillsborough,12057011006
33559,Hillsborough,12057011010
33559,Hillsborough,12101032011
33559,Hillsborough,12101032012
33559,Hillsborough,12101032014
33563,Hillsborough,12057010106
33563,Hillsborough,12057010107
33563,Hillsborough,12057012501
33563,Hillsborough,12057012503
33563,Hillsborough,12057012600
33563,Hillsborough,12057012701
33563,Hillsborough,12057012702
33563,Hillsborough,12057012800
33563,Hillsborough,12057012900
33563,Hillsborough,12057013001
33563,Hillsborough,12057013002
33563,Hillsborough,12057013003
33565,Hillsborough,12057010105
33565,Hillsborough,12057010106
33565,Hillsborough,12057010107
33565,Hillsborough,12057010108
33565,Hillsborough,12057014300
33566,Hillsborough,12057012401
33566,Hillsborough,12057012402
33566,Hillsborough,12057012403
33566,Hillsborough,12057012501
33566,Hillsborough,12057012503
33566,Hillsborough,12057012504
33566,Hillsborough,12057013001
33566,Hillsborough,12057013002
33566,Hillsborough,12057013003
33566,Hillsborough,12057013004
33567,Hillsborough,12057012403
33567,Hillsborough,12057013003
33567,Hillsborough,12057013004
33567,Hillsborough,12057013100
33567,Hillsborough,12057013207
33567,Hillsborough,12057013903
33569,Hillsborough,12057013412
33569,Hillsborough,12057013413
33569,Hillsborough,12057013918
33569,Hillsborough,12057013919
33569,Hillsborough,12057013923
33569,Hillsborough,12057013924
33569,Hillsborough,12057013925
33570,Hillsborough,12057014002
33570,Hillsborough,12057014013
33570,Hillsborough,12057014104
33570,Hillsborough,12057014108
33570,Hillsborough,12057014109
33570,Hillsborough,12057014119
33570,Hillsborough,12057014121
33570,Hillsborough,12057014122
33572,Hillsborough,12057014106
33572,Hillsborough,12057014117
33572,Hillsborough,12057014118
33572,Hillsborough,12057014119
33572,Hillsborough,12057014121
33573,Hillsborough,12057014007
33573,Hillsborough,12057014008
33573,Hillsborough,12057014009
33573,Hillsborough,12057014010
33573,Hillsborough,12057014011
33573,Hillsborough,12057014012
33573,Hillsborough,12057014014
33573,Hillsborough,12057014017
33574,Pasco,12101032200
33576,Pasco,12101031901
33576,Pasco,12101031902
33576,Pasco,12101032005
33576,Pasco,12101032103
33576,Pasco,12101032200
33578,Hillsborough,12057013317
33578,Hillsborough,12057013319
33578,Hillsborough,12057013320
33578,Hillsborough,12057013322
33578,Hillsborough,12057013410
33578,Hillsborough,12057013411
33578,Hillsborough,12057013412
33578,Hillsborough,12057013604
33578,Hillsborough,12057013702
33578,Hillsborough,12057013703
33578,Hillsborough,12057013705
33578,Hillsborough,12057013706
33578,Hillsborough,12057013802
33578,Hillsborough,12057013806
33578,Hillsborough,12057013807
33578,Hillsborough,12057013915
33578,Hillsborough,12057013916
33578,Hillsborough,12057013925
33578,Hillsborough,12057014007
33579,Hillsborough,12057013912
33579,Hillsborough,12057013913
33579,Hillsborough,12057013915
33579,Hillsborough,12057013916
33579,Hillsborough,12057013917
33579,Hillsborough,12057013926
33584,Hillsborough,12057010304
33584,Hillsborough,12057010305
33584,Hillsborough,12057012106
33584,Hillsborough,12057012107
33584,Hillsborough,12057012108
33584,Hillsborough,12057012109
33584,Hillsborough,12057012110
33584,Hillsborough,12057012206
33584,Hillsborough,12057012207
33584,Hillsborough,12057012208
33584,Hillsborough,12057012209
33592,Hillsborough,12057010105
33592,Hillsborough,12057010203
33592,Hillsborough,12057010210
33592,Hillsborough,12057010213
33592,Hillsborough,12057010215
33592,Hillsborough,12057010303
33592,Hillsborough,12057010304
33592,Hillsborough,12057010305
33592,Hillsborough,12057014300
33592,Hillsborough,12057980300
33592,Hillsborough,12057980400
33594,Hillsborough,12057012208
33594,Hillsborough,12057012209
33594,Hillsborough,12057012210
33594,Hillsborough,12057012304
33594,Hillsborough,12057013203
33594,Hillsborough,12057013204
33594,Hillsborough,12057013205
33594,Hillsborough,12057013305
33594,Hillsborough,12057013312
33596,Hillsborough,12057013206
33596,Hillsborough,12057013207
33596,Hillsborough,12057013208
33596,Hillsborough,12057013305
33596,Hillsborough,12057013409
33596,Hillsborough,12057013414
33596,Hillsborough,12057013415
33597,Hernando,12053040101
33597,Hernando,12101032402
33598,Hillsborough,12057013907
33598,Hillsborough,12057013913
33598,Hillsborough,12057013914
33598,Hillsborough,12057013926
33598,Hillsborough,12057014003
33598,Hillsborough,12057014007
33602,Hillsborough,12057002800
33602,Hillsborough,12057002900
33602,Hillsborough,12057003000
33602,Hillsborough,12057003200
33602,Hillsborough,12057004100
33602,Hillsborough,12057004200
33602,Hillsborough,12057005101
33602,Hillsborough,12057005102
33602,Hillsborough,12057005301
33602,Hillsborough,12057014200
33603,Hillsborough,12057001400
33603,Hillsborough,12057002100
33603,Hillsborough,12057002200
33603,Hillsborough,12057002300
33603,Hillsborough,12057002400
33603,Hillsborough,12057002500
33603,Hillsborough,12057002800
33603,Hillsborough,12057002900
33603,Hillsborough,12057003000
33603,Hillsborough,12057003100
33603,Hillsborough,12057011905
33604,Hillsborough,12057000601
33604,Hillsborough,12057000602
33604,Hillsborough,12057000701
33604,Hillsborough,12057000702
33604,Hillsborough,12057000800
33604,Hillsborough,12057000901
33604,Hillsborough,12057000902
33604,Hillsborough,12057001100
33604,Hillsborough,12057001200
33604,Hillsborough,12057001300
33604,Hillsborough,12057001400
33604,Hillsborough,12057001500
33604,Hillsborough,12057001600
33604,Hillsborough,12057001700
33604,Hillsborough,12057011905
33604,Hillsborough,12057011907
33604,Hillsborough,12057011909
33604,Hillsborough,12057011910
33605,Hillsborough,12057003100
33605,Hillsborough,12057003200
33605,Hillsborough,12057003300
33605,Hillsborough,12057003400
33605,Hillsborough,12057003500
33605,Hillsborough,12057003600
33605,Hillsborough,12057003700
33605,Hillsborough,12057003800
33605,Hillsborough,12057005302
33605,Hillsborough,12057012002
33605,Hillsborough,12057014200
33606,Hillsborough,12057004901
33606,Hillsborough,12057004902
33606,Hillsborough,12057005000
33606,Hillsborough,12057005401
33606,Hillsborough,12057005500
33606,Hillsborough,12057006000
33606,Hillsborough,12057006101
33606,Hillsborough,12057006103
33607,Hillsborough,12057002600
33607,Hillsborough,12057002701
33607,Hillsborough,12057002702
33607,Hillsborough,12057004300
33607,Hillsborough,12057004400
33607,Hillsborough,12057004500
33607,Hillsborough,12057004601
33607,Hillsborough,12057004602
33607,Hillsborough,12057004700
33607,Hillsborough,12057004800
33607,Hillsborough,12057004901
33607,Hillsborough,12057005000
33607,Hillsborough,12057011708
33607,Hillsborough,12057980600
33609,Hillsborough,12057004602
33609,Hillsborough,12057004700
33609,Hillsborough,12057004800
33609,Hillsborough,12057004901
33609,Hillsborough,12057004902
33609,Hillsborough,12057005700
33609,Hillsborough,12057005800
33609,Hillsborough,12057005900
33609,Hillsborough,12057006000
33610,Hillsborough,12057001001
33610,Hillsborough,12057001002
33610,Hillsborough,12057001100
33610,Hillsborough,12057001700
33610,Hillsborough,12057001800
33610,Hillsborough,12057001900
33610,Hillsborough,12057002000
33610,Hillsborough,12057002100
33610,Hillsborough,12057003100
33610,Hillsborough,12057003400
33610,Hillsborough,12057003600
33610,Hillsborough,12057010305
33610,Hillsborough,12057010402
33610,Hillsborough,12057010501
33610,Hillsborough,12057010502
33610,Hillsborough,12057012001
33610,Hillsborough,12057012103
33610,Hillsborough,12057012109
33610,Hillsborough,12057012110
33611,Hillsborough,12057006501
33611,Hillsborough,12057006503
33611,Hillsborough,12057006504
33611,Hillsborough,12057006600
33611,Hillsborough,12057006700
33611,Hillsborough,12057006801
33611,Hillsborough,12057006802
33611,Hillsborough,12057006900
33611,Hillsborough,12057007001
33611,Hillsborough,12057007002
33611,Hillsborough,12057007102
33611,Hillsborough,12057007103
33612,Hillsborough,12057000101
33612,Hillsborough,12057000102
33612,Hillsborough,12057000201
33612,Hillsborough,12057000202
33612,Hillsborough,12057000301
33612,Hillsborough,12057000302
33612,Hillsborough,12057000401
33612,Hillsborough,12057000402
33612,Hillsborough,12057000500
33612,Hillsborough,12057000701
33612,Hillsborough,12057000800
33612,Hillsborough,12057010805
33612,Hillsborough,12057010808
33612,Hillsborough,12057010814
33612,Hillsborough,12057010815
33612,Hillsborough,12057010816
33612,Hillsborough,12057010821
33612,Hillsborough,12057010822
33612,Hillsborough,12057010900
33612,Hillsborough,12057011205
33612,Hillsborough,12057011206
33612,Hillsborough,12057011304
33613,Hillsborough,12057010808
33613,Hillsborough,12057010817
33613,Hillsborough,12057010819
33613,Hillsborough,12057010820
33613,Hillsborough,12057010821
33613,Hillsborough,12057010822
33613,Hillsborough,12057010823
33613,Hillsborough,12057010824
33613,Hillsborough,12057010900
33613,Hillsborough,12057011003
33613,Hillsborough,12057011010
33613,Hillsborough,12057011018
33613,Hillsborough,12057011107
33613,Hillsborough,12057011108
33613,Hillsborough,12057011203
33613,Hillsborough,12057011204
33613,Hillsborough,12057011205
33614,Hillsborough,12057002500
33614,Hillsborough,12057002600
33614,Hillsborough,12057011802
33614,Hillsborough,12057011804
33614,Hillsborough,12057011805
33614,Hillsborough,12057011806
33614,Hillsborough,12057011905
33614,Hillsborough,12057011907
33614,Hillsborough,12057011908
33614,Hillsborough,12057011909
33614,Hillsborough,12057011910
33614,Hillsborough,12057011911
33614,Hillsborough,12057980600
33615,Hillsborough,12057011610
33615,Hillsborough,12057011611
33615,Hillsborough,12057011612
33615,Hillsborough,12057011613
33615,Hillsborough,12057011614
33615,Hillsborough,12057011615
33615,Hillsborough,12057011616
33615,Hillsborough,12057011617
33615,Hillsborough,12057011708
33615,Hillsborough,12057011712
33615,Hillsborough,12057011713
33615,Hillsborough,12057011714
33615,Hillsborough,12057011715
33616,Hillsborough,12057007001
33616,Hillsborough,12057007002
33616,Hillsborough,12057007102
33616,Hillsborough,12057007103
33616,Hillsborough,12057007200
33617,Hillsborough,12057000101
33617,Hillsborough,12057000102
33617,Hillsborough,12057000901
33617,Hillsborough,12057000902
33617,Hillsborough,12057010402
33617,Hillsborough,12057010501
33617,Hillsborough,12057010502
33617,Hillsborough,12057010600
33617,Hillsborough,12057010701
33617,Hillsborough,12057010702
33617,Hillsborough,12057010809
33617,Hillsborough,12057010811
33617,Hillsborough,12057010900
33618,Hillsborough,12057011106
33618,Hillsborough,12057011107
33618,Hillsborough,12057011109
33618,Hillsborough,12057011203
33618,Hillsborough,12057011301
33618,Hillsborough,12057011303
33618,Hillsborough,12057011304
33618,Hillsborough,12057011407
33618,Hillsborough,12057011408
33618,Hillsborough,12057011409
33618,Hillsborough,12057011416
33618,Hillsborough,12057011418
33618,Hillsborough,12057011524
33618,Hillsborough,12057011908
33619,Hillsborough,12057003600
33619,Hillsborough,12057003700
33619,Hillsborough,12057012002
33619,Hillsborough,12057012103
33619,Hillsborough,12057012211
33619,Hillsborough,12057013315
33619,Hillsborough,12057013501
33619,Hillsborough,12057013503
33619,Hillsborough,12057013504
33619,Hillsborough,12057013505
33619,Hillsborough,12057013602
33619,Hillsborough,12057013604
33619,Hillsborough,12057013702
33619,Hillsborough,12057013703
33620,Hillsborough,12057010900
33621,Hillsborough,12057007300
33624,Hillsborough,12057011407
33624,Hillsborough,12057011408
33624,Hillsborough,12057011415
33624,Hillsborough,12057011416
33624,Hillsborough,12057011417
33624,Hillsborough,12057011418
33624,Hillsborough,12057011512
33624,Hillsborough,12057011514
33624,Hillsborough,12057011515
33624,Hillsborough,12057011516
33624,Hillsborough,12057011523
33624,Hillsborough,12057011524
33625,Hillsborough,12057011410
33625,Hillsborough,12057011411
33625,Hillsborough,12057011412
33625,Hillsborough,12057011413
33625,Hillsborough,12057011414
33625,Hillsborough,12057011415
33625,Hillsborough,12057011610
33626,Hillsborough,12057011412
33626,Hillsborough,12057011506
33626,Hillsborough,12057011519
33626,Hillsborough,12057011520
33626,Hillsborough,12057011525
33626,Hillsborough,12057011526
33626,Hillsborough,12057011528
33629,Hillsborough,12057005800
33629,Hillsborough,12057005900
33629,Hillsborough,12057006000
33629,Hillsborough,12057006103
33629,Hillsborough,12057006200
33629,Hillsborough,12057006300
33629,Hillsborough,12057006400
33629,Hillsborough,12057006501
33629,Hillsborough,12057006600
33629,Hillsborough,12057006700
33629,Hillsborough,12057990000
33634,Hillsborough,12057011603
33634,Hillsborough,12057011605
33634,Hillsborough,12057011611
33634,Hillsborough,12057011613
33634,Hillsborough,12057011708
33634,Hillsborough,12057011716
33634,Hillsborough,12057980600
33635,Hillsborough,12057011610
33635,Hillsborough,12057011616
33635,Hillsborough,12057011617
33635,Hillsborough,12057011713
33635,Hillsborough,12057014400
33635,Hillsborough,12057980500
33637,Hillsborough,12057010203
33637,Hillsborough,12057010204
33637,Hillsborough,12057010213
33637,Hillsborough,12057010305
33637,Hillsborough,12057010401
33637,Hillsborough,12057010402
33637,Hillsborough,12057010810
33637,Hillsborough,12057011017
33647,Hillsborough,12057010210
33647,Hillsborough,12057010211
33647,Hillsborough,12057010212
33647,Hillsborough,12057010215
33647,Hillsborough,12057010216
33647,Hillsborough,12057010217
33647,Hillsborough,12057010218
33647,Hillsborough,12057011008
33647,Hillsborough,12057011013
33647,Hillsborough,12057011016
33647,Hillsborough,12057011017
33647,Hillsborough,12057011018
33647,Hillsborough,12057011019
33701,Pinellas,12103020400
33701,Pinellas,12103020500
33701,Pinellas,12103021501
33701,Pinellas,12103021502
33701,Pinellas,12103023501
33701,Pinellas,12103023502
33701,Pinellas,12103023601
33701,Pinellas,12103023602
33701,Pinellas,12103023700
33701,Pinellas,12103028601
33701,Pinellas,12103028602
33702,Pinellas,12103024301
33702,Pinellas,12103024302
33702,Pinellas,12103024403
33702,Pinellas,12103024408
33702,Pinellas,12103024409
33702,Pinellas,12103024410
33702,Pinellas,12103024411
33702,Pinellas,12103024412
33702,Pinellas,12103024413
33702,Pinellas,12103024517
33702,Pinellas,12103024519
33702,Pinellas,12103024601
33702,Pinellas,12103024604
33703,Pinellas,12103023900
33703,Pinellas,12103024002
33703,Pinellas,12103024004
33703,Pinellas,12103024005
33703,Pinellas,12103024100
33703,Pinellas,12103024201
33703,Pinellas,12103024202
33703,Pinellas,12103024301
33703,Pinellas,12103024302
33703,Pinellas,12103024403
33703,Pinellas,12103024408
33704,Pinellas,12103023100
33704,Pinellas,12103023200
33704,Pinellas,12103023300
33704,Pinellas,12103023501
33704,Pinellas,12103023502
33704,Pinellas,12103023700
33704,Pinellas,12103023800
33704,Pinellas,12103023900
33704,Pinellas,12103024001
33704,Pinellas,12103024002
33704,Pinellas,12103024100
33704,Pinellas,12103024202
33705,Pinellas,12103020201
33705,Pinellas,12103020202
33705,Pinellas,12103020208
33705,Pinellas,12103020209
33705,Pinellas,12103020301
33705,Pinellas,12103020302
33705,Pinellas,12103020400
33705,Pinellas,12103020500
33705,Pinellas,12103020600
33705,Pinellas,12103021200
33705,Pinellas,12103021600
33705,Pinellas,12103023300
33705,Pinellas,12103023400
33705,Pinellas,12103028601
33705,Pinellas,12103028700
33706,Pinellas,12103027901
33706,Pinellas,12103027905
33706,Pinellas,12103028002
33706,Pinellas,12103028004
33706,Pinellas,12103028005
33706,Pinellas,12103028006
33707,Pinellas,12103020110
33707,Pinellas,12103020800
33707,Pinellas,12103022000
33707,Pinellas,12103022200
33707,Pinellas,12103022301
33707,Pinellas,12103022401
33707,Pinellas,12103028102
33707,Pinellas,12103028103
33707,Pinellas,12103028104
33707,Pinellas,12103028200
33707,Pinellas,12103028300
33707,Pinellas,12103028403
33707,Pinellas,12103028500
33708,Pinellas,12103025106
33708,Pinellas,12103025107
33708,Pinellas,12103025108
33708,Pinellas,12103025110
33708,Pinellas,12103027701
33708,Pinellas,12103027704
33708,Pinellas,12103027801
33708,Pinellas,12103027802
33709,Pinellas,12103022402
33709,Pinellas,12103022502
33709,Pinellas,12103022503
33709,Pinellas,12103022602
33709,Pinellas,12103024701
33709,Pinellas,12103024702
33709,Pinellas,12103024801
33709,Pinellas,12103024803
33709,Pinellas,12103024804
33709,Pinellas,12103024805
33709,Pinellas,12103025014
33709,Pinellas,12103025015
33709,Pinellas,12103025017
33709,Pinellas,12103025018
33709,Pinellas,12103025019
33710,Pinellas,12103022200
33710,Pinellas,12103022302
33710,Pinellas,12103022401
33710,Pinellas,12103022402
33710,Pinellas,12103022501
33710,Pinellas,12103022502
33710,Pinellas,12103022503
33710,Pinellas,12103022601
33710,Pinellas,12103022602
33710,Pinellas,12103022801
33710,Pinellas,12103022802
33711,Pinellas,12103020105
33711,Pinellas,12103020109
33711,Pinellas,12103020110
33711,Pinellas,12103020207
33711,Pinellas,12103020800
33711,Pinellas,12103021900
33711,Pinellas,12103022000
33711,Pinellas,12103028500
33712,Pinellas,12103020105
33712,Pinellas,12103020109
33712,Pinellas,12103020201
33712,Pinellas,12103020206
33712,Pinellas,12103020207
33712,Pinellas,12103020208
33712,Pinellas,12103020209
33712,Pinellas,12103020600
33712,Pinellas,12103020700
33712,Pinellas,12103020800
33712,Pinellas,12103021200
33712,Pinellas,12103021600
33712,Pinellas,12103021800
33712,Pinellas,12103021900
33712,Pinellas,12103028700
33713,Pinellas,12103021600
33713,Pinellas,12103021800
33713,Pinellas,12103021900
33713,Pinellas,12103022101
33713,Pinellas,12103022102
33713,Pinellas,12103022700
33713,Pinellas,12103022801
33713,Pinellas,12103022802
33713,Pinellas,12103022901
33713,Pinellas,12103022902
33713,Pinellas,12103023000
33713,Pinellas,12103023100
33713,Pinellas,12103023300
33713,Pinellas,12103023400
33714,Pinellas,12103022801
33714,Pinellas,12103023000
33714,Pinellas,12103024201
33714,Pinellas,12103024302
33714,Pinellas,12103024601
33714,Pinellas,12103024603
33714,Pinellas,12103024604
33714,Pinellas,12103024701
33714,Pinellas,12103024702
33714,Pinellas,12103024703
33715,Pinellas,12103020106
33715,Pinellas,12103020107
33715,Pinellas,12103020108
33715,Pinellas,12103028002
33716,Pinellas,12103024406
33716,Pinellas,12103024412
33716,Pinellas,12103024509
33716,Pinellas,12103024512
33716,Pinellas,12103024516
33716,Pinellas,12103024517
33716,Pinellas,12103024518
33716,Pinellas,12103024519
33744,Pinellas,12103025106
33755,Pinellas,12103025902
33755,Pinellas,12103026101
33755,Pinellas,12103026102
33755,Pinellas,12103026200
33755,Pinellas,12103026300
33755,Pinellas,12103026402
33755,Pinellas,12103026501
33755,Pinellas,12103026502
33755,Pinellas,12103026602
33755,Pinellas,12103026701
33755,Pinellas,12103026705
33756,Pinellas,12103025401
33756,Pinellas,12103025501
33756,Pinellas,12103025505
33756,Pinellas,12103025507
33756,Pinellas,12103025510
33756,Pinellas,12103025602
33756,Pinellas,12103025700
33756,Pinellas,12103025800
33756,Pinellas,12103025901
33756,Pinellas,12103025902
33756,Pinellas,12103026401
33756,Pinellas,12103026402
33756,Pinellas,12103026501
33756,Pinellas,12103026601
33759,Pinellas,12103025420
33759,Pinellas,12103026804
33759,Pinellas,12103026809
33759,Pinellas,12103026812
33759,Pinellas,12103026813
33759,Pinellas,12103026816
33759,Pinellas,12103026817
33759,Pinellas,12103026818
33759,Pinellas,12103026819
33760,Pinellas,12103024505
33760,Pinellas,12103024507
33760,Pinellas,12103024508
33760,Pinellas,12103024510
33760,Pinellas,12103024512
33760,Pinellas,12103024514
33761,Pinellas,12103026811
33761,Pinellas,12103026812
33761,Pinellas,12103026814
33761,Pinellas,12103026820
33761,Pinellas,12103026821
33761,Pinellas,12103026904
33761,Pinellas,12103026913
33762,Pinellas,12103024508
33762,Pinellas,12103024509
33762,Pinellas,12103024512
33763,Pinellas,12103026705
33763,Pinellas,12103026813
33763,Pinellas,12103026904
33763,Pinellas,12103026911
33763,Pinellas,12103026912
33763,Pinellas,12103026913
33763,Pinellas,12103026916
33763,Pinellas,12103026917
33764,Pinellas,12103024507
33764,Pinellas,12103024514
33764,Pinellas,12103025401
33764,Pinellas,12103025407
33764,Pinellas,12103025412
33764,Pinellas,12103025413
33764,Pinellas,12103025414
33764,Pinellas,12103025415
33764,Pinellas,12103025418
33764,Pinellas,12103025420
33764,Pinellas,12103025421
33764,Pinellas,12103026601
33765,Pinellas,12103025413
33765,Pinellas,12103026601
33765,Pinellas,12103026602
33765,Pinellas,12103026703
33765,Pinellas,12103026704
33765,Pinellas,12103026705
33765,Pinellas,12103026804
33765,Pinellas,12103026818
33765,Pinellas,12103026819
33765,Pinellas,12103026912
33767,Pinellas,12103026001
33767,Pinellas,12103026003
33767,Pinellas,12103026004
33767,Pinellas,12103027604
33770,Pinellas,12103025204
33770,Pinellas,12103025207
33770,Pinellas,12103025209
33770,Pinellas,12103025210
33770,Pinellas,12103025211
33770,Pinellas,12103025303
33770,Pinellas,12103025305
33770,Pinellas,12103025309
33770,Pinellas,12103025505
33770,Pinellas,12103025507
33770,Pinellas,12103025509
33770,Pinellas,12103025510
33770,Pinellas,12103025602
33770,Pinellas,12103025603
33770,Pinellas,12103025604
33771,Pinellas,12103024514
33771,Pinellas,12103025020
33771,Pinellas,12103025021
33771,Pinellas,12103025303
33771,Pinellas,12103025305
33771,Pinellas,12103025407
33771,Pinellas,12103025411
33771,Pinellas,12103025415
33771,Pinellas,12103025416
33771,Pinellas,12103025417
33771,Pinellas,12103025418
33771,Pinellas,12103025419
33771,Pinellas,12103025507
33771,Pinellas,12103025508
33771,Pinellas,12103025603
33772,Pinellas,12103025107
33772,Pinellas,12103025109
33772,Pinellas,12103025110
33772,Pinellas,12103025111
33772,Pinellas,12103025112
33772,Pinellas,12103025113
33772,Pinellas,12103025120
33772,Pinellas,12103025121
33773,Pinellas,12103024505
33773,Pinellas,12103025009
33773,Pinellas,12103025011
33773,Pinellas,12103025020
33773,Pinellas,12103025021
33773,Pinellas,12103025114
33773,Pinellas,12103025115
33773,Pinellas,12103025311
33774,Pinellas,12103025119
33774,Pinellas,12103025122
33774,Pinellas,12103025205
33774,Pinellas,12103025207
33774,Pinellas,12103025208
33774,Pinellas,12103025209
33774,Pinellas,12103025210
33774,Pinellas,12103025307
33776,Pinellas,12103025110
33776,Pinellas,12103025120
33776,Pinellas,12103025121
33776,Pinellas,12103025122
33776,Pinellas,12103025123
33777,Pinellas,12103025007
33777,Pinellas,12103025009
33777,Pinellas,12103025011
33777,Pinellas,12103025012
33777,Pinellas,12103025013
33777,Pinellas,12103025016
33778,Pinellas,12103025112
33778,Pinellas,12103025114
33778,Pinellas,12103025115
33778,Pinellas,12103025116
33778,Pinellas,12103025119
33778,Pinellas,12103025305
33778,Pinellas,12103025307
33778,Pinellas,12103025310
33778,Pinellas,12103025311
33781,Pinellas,12103024515
33781,Pinellas,12103024601
33781,Pinellas,12103024701
33781,Pinellas,12103024803
33781,Pinellas,12103024901
33781,Pinellas,12103024904
33781,Pinellas,12103024906
33781,Pinellas,12103024907
33781,Pinellas,12103024908
33781,Pinellas,12103025004
33781,Pinellas,12103025014
33782,Pinellas,12103024505
33782,Pinellas,12103024512
33782,Pinellas,12103024515
33782,Pinellas,12103024516
33782,Pinellas,12103024904
33782,Pinellas,12103024905
33782,Pinellas,12103024906
33782,Pinellas,12103024907
33782,Pinellas,12103025004
33782,Pinellas,12103025009
33785,Pinellas,12103027603
33785,Pinellas,12103027606
33785,Pinellas,12103027703
33785,Pinellas,12103027704
33786,Pinellas,12103027605
33809,Pasco,12101033101
33810,Hillsborough,12057010108
33849,Pasco,12101033101
33860,Hillsborough,12057013903
34601,Hernando,12053040201
34601,Hernando,12053040202
34601,Hernando,12053040303
34601,Hernando,12053040400
34601,Hernando,12053040501
34601,Hernando,12053040502
34601,Hernando,12053040601
34601,Hernando,12053040602
34601,Hernando,12053040910
34602,Hernando,12053040101
34602,Hernando,12053040102
34602,Hernando,12053040201
34602,Hernando,12053040202
34602,Hernando,12053040301
34602,Hernando,12053040302
34602,Hernando,12053040303
34604,Hernando,12053040302
34604,Hernando,12053040303
34604,Hernando,12053040910
34604,Hernando,12053040911
34606,Hernando,12053041103
34606,Hernando,12053041201
34606,Hernando,12053041203
34606,Hernando,12053041204
34606,Hernando,12053041302
34606,Hernando,12053041303
34606,Hernando,12053041304
34606,Hernando,12053041305
34606,Hernando,12053041401
34606,Hernando,12053041402
34606,Hernando,12053041501
34606,Hernando,12053041502
34607,Hernando,12053041501
34607,Hernando,12053041502
34607,Hernando,12053041601
34607,Hernando,12053041602
34608,Hernando,12053040901
34608,Hernando,12053041003
34608,Hernando,12053041004
34608,Hernando,12053041103
34608,Hernando,12053041104
34608,Hernando,12053041105
34608,Hernando,12053041106
34608,Hernando,12053041201
34608,Hernando,12053041402
34609,Hernando,12053040901
34609,Hernando,12053040906
34609,Hernando,12053040907
34609,Hernando,12053040908
34609,Hernando,12053040909
34609,Hernando,12053040912
34609,Hernando,12053040913
34609,Hernando,12053041003
34609,Hernando,12053041004
34609,Hernando,12053041005
34609,Hernando,12053041006
34609,Hernando,12053041105
34609,Hernando,12053041106
34610,Pasco,12101031207
34610,Pasco,12101031208
34610,Pasco,12101031805
34610,Pasco,12101031806
34610,Pasco,12101031808
34610,Pasco,12101031809
34610,Pasco,12101031901
34613,Hernando,12053040602
34613,Hernando,12053040702
34613,Hernando,12053040801
34613,Hernando,12053040802
34613,Hernando,12053041003
34613,Hernando,12053041005
34613,Hernando,12053041201
34613,Hernando,12053041601
34613,Hernando,12053041602
34614,Hernando,12053040601
34614,Hernando,12053040602
34614,Hernando,12053040701
34614,Hernando,12053040702
34614,Hernando,12053041601
34637,Pasco,12101031902
34637,Pasco,12101032001
34638,Pasco,12101031603
34638,Pasco,12101031604
34638,Pasco,12101031701
34638,Pasco,12101031902
34638,Pasco,12101031903
34638,Pasco,12101032001
34639,Pasco,12101031902
34639,Pasco,12101032001
34639,Pasco,12101032006
34639,Pasco,12101032007
34639,Pasco,12101032008
34639,Pasco,12101032009
34639,Pasco,12101032010
34639,Pasco,12101032011
34639,Pasco,12101032013
34652,Pasco,12101030205
34652,Pasco,12101030303
34652,Pasco,12101030304
34652,Pasco,12101030405
34652,Pasco,12101030406
34652,Pasco,12101030700
34652,Pasco,12101030800
34652,Pasco,12101030901
34652,Pasco,12101031401
34652,Pasco,12101031404
34652,Pasco,12101031406
34652,Pasco,12101031412
34652,Pasco,12101031503
34653,Pasco,12101030901
34653,Pasco,12101030905
34653,Pasco,12101030906
34653,Pasco,12101031401
34653,Pasco,12101031404
34653,Pasco,12101031406
34653,Pasco,12101031407
34653,Pasco,12101031410
34653,Pasco,12101031411
34653,Pasco,12101031412
34653,Pasco,12101031503
34653,Pasco,12101031505
34653,Pasco,12101031506
34653,Pasco,12101031705
34654,Pasco,12101030905
34654,Pasco,12101031008
34654,Pasco,12101031012
34654,Pasco,12101031301
34654,Pasco,12101031302
34654,Pasco,12101031703
34654,Pasco,12101031704
34654,Pasco,12101031707
34655,Pasco,12101031504
34655,Pasco,12101031505
34655,Pasco,12101031506
34655,Pasco,12101031507
34655,Pasco,12101031508
34655,Pasco,12101031601
34655,Pasco,12101031701
34655,Pasco,12101031704
34655,Pasco,12101031705
34655,Pasco,12101031706
34655,Pasco,12101031707
34655,Pasco,12101031708
34661,Hernando,12053040201
34667,Pasco,12101030101
34667,Pasco,12101030102
34667,Pasco,12101030202
34667,Pasco,12101031009
34667,Pasco,12101031011
34667,Pasco,12101031101
34667,Pasco,12101031103
34667,Pasco,12101031104
34667,Pasco,12101031203
34667,Pasco,12101031204
34667,Pasco,12101031205
34667,Pasco,12101031804
34667,Pasco,12101031805
34667,Pasco,12101031807
34668,Pasco,12101030203
34668,Pasco,12101030204
34668,Pasco,12101030205
34668,Pasco,12101030901
34668,Pasco,12101030906
34668,Pasco,12101031003
34668,Pasco,12101031005
34668,Pasco,12101031006
34668,Pasco,12101031007
34668,Pasco,12101031009
34668,Pasco,12101031010
34668,Pasco,12101031011
34668,Pasco,12101031012
34668,Pasco,12101031013
34668,Pasco,12101031014
34669,Pasco,12101031008
34669,Pasco,12101031205
34669,Pasco,12101031206
34669,Pasco,12101031207
34669,Pasco,12101031208
34669,Pasco,12101031301
34669,Pasco,12101031807
34669,Pasco,12101031808
34677,Pinellas,12103027318
34677,Pinellas,12103027319
34677,Pinellas,12103027320
34677,Pinellas,12103027324
34677,Pinellas,12103027325
34677,Pinellas,12103027326
34677,Pinellas,12103027327
34679,Pasco,12101030101
34681,Pinellas,12103027202
34683,Pinellas,12103027202
34683,Pinellas,12103027206
34683,Pinellas,12103027207
34683,Pinellas,12103027208
34683,Pinellas,12103027210
34683,Pinellas,12103027211
34683,Pinellas,12103027212
34684,Pinellas,12103027204
34684,Pinellas,12103027206
34684,Pinellas,12103027207
34684,Pinellas,12103027208
34684,Pinellas,12103027211
34684,Pinellas,12103027212
34684,Pinellas,12103027314
34684,Pinellas,12103027316
34684,Pinellas,12103027317
34684,Pinellas,12103027318
34684,Pinellas,12103027326
34684,Pinellas,12103027330
34684,Pinellas,12103027331
34685,Pinellas,12103027323
34685,Pinellas,12103027324
34685,Pinellas,12103027328
34685,Pinellas,12103027329
34685,Pinellas,12103027332
34685,Pinellas,12103027333
34688,Pinellas,12103027309
34688,Pinellas,12103027321
34688,Pinellas,12103027328
34688,Pinellas,12103027329
34688,Pinellas,12103027332
34688,Pinellas,12103027333
34688,Pinellas,12103027401
34688,Pinellas,12103027404
34689,Pinellas,12103027308
34689,Pinellas,12103027401
34689,Pinellas,12103027404
34689,Pinellas,12103027501
34689,Pinellas,12103027503
34689,Pinellas,12103027504
34690,Pasco,12101030501
34690,Pasco,12101030502
34690,Pasco,12101030601
34690,Pasco,12101030602
34690,Pasco,12101031503
34690,Pasco,12101031505
34691,Pasco,12101030404
34691,Pasco,12101030405
34691,Pasco,12101030406
34691,Pasco,12101030407
34691,Pasco,12101030408
34691,Pasco,12101030409
34691,Pasco,12101030410
34691,Pasco,12101030411
34691,Pasco,12101030412
34691,Pasco,12101030502
34691,Pasco,12101030601
34691,Pasco,12101030602
34695,Pinellas,12103026809
34695,Pinellas,12103026814
34695,Pinellas,12103026815
34695,Pinellas,12103026816
34695,Pinellas,12103026817
34698,Pinellas,12103026904
34698,Pinellas,12103026908
34698,Pinellas,12103026909
34698,Pinellas,12103026914
34698,Pinellas,12103026915
34698,Pinellas,12103026916
34698,Pinellas,12103026917
34698,Pinellas,12103027000
34698,Pinellas,12103027105
34698,Pinellas,12103027106
34698,Pinellas,12103027107
34698,Pinellas,12103027108
34698,Pinellas,12103027209
34698,Pinellas,12103027210
